Model,Accuracy,Precision,Recall,F1-Score,ROC-AUC
Logistic Regression (Tuned),0.809,0.6929637526652452,0.2449133383571967,0.3619153674832962,0.7101653891722898
Random Forest (Tuned),0.8165,0.6609686609686609,0.3496608892238131,0.45736816165598815,0.7743736525513094
XGBoost (Tuned),0.8188333333333333,0.6621621621621622,0.36925395629238883,0.4741170778906628,0.7793315057995627
